operation,role,group_size,n_parties,hash,aead_encrypt,aead_decrypt,keygen,dh,hpke_encrypt,hpke_decrypt,sign,verify,prf
add,new_receiver,8,2,7,0,1,0,4,0,0,1,1,1
add,new_receiver,16,2,7,0,1,0,4,0,0,1,1,1
add,new_receiver,32,2,7,0,1,0,4,0,0,1,1,1
add,new_receiver,64,2,7,0,1,0,4,0,0,1,1,1
add,new_receiver,128,2,7,0,1,0,4,0,0,1,1,1
add,new_receiver,256,2,7,0,1,0,4,0,0,1,1,1
add,new_receiver,512,2,7,0,1,0,4,0,0,1,1,1
add,receiver,8,7,49,7,0,21,28,0,0,7,14,7
add,receiver,16,15,105,15,0,45,60,0,0,15,30,15
add,receiver,32,31,217,31,0,93,124,0,0,31,62,31
add,receiver,64,63,441,63,0,189,252,0,0,63,126,63
add,receiver,128,127,889,127,0,381,508,0,0,127,254,127
add,receiver,256,255,1785,255,0,765,1020,0,0,255,510,255
add,receiver,512,511,3577,511,0,1533,2044,0,0,511,1022,511
add,sender,8,1,5,1,0,4,4,0,0,2,1,1
add,sender,16,1,5,1,0,4,4,0,0,2,1,1
add,sender,32,1,5,1,0,4,4,0,0,2,1,1
add,sender,64,1,5,1,0,4,4,0,0,2,1,1
add,sender,128,1,5,1,0,4,4,0,0,2,1,1
add,sender,256,1,5,1,0,4,4,0,0,2,1,1
add,sender,512,1,5,1,0,4,4,0,0,2,1,1
add,system,8,1,61,8,1,25,36,0,0,10,16,9
add,system,16,1,117,16,1,49,68,0,0,18,32,17
add,system,32,1,229,32,1,97,132,0,0,34,64,33
add,system,64,1,453,64,1,193,260,0,0,66,128,65
add,system,128,1,901,128,1,385,516,0,0,130,256,129
add,system,256,1,1797,256,1,769,1028,0,0,258,512,257
add,system,512,1,3589,512,1,1537,2052,0,0,514,1024,513
message,receiver,8,7,7,0,7,0,0,0,0,0,7,0
message,receiver,16,15,15,0,15,0,0,0,0,0,15,0
message,receiver,32,31,31,0,31,0,0,0,0,0,31,0
message,receiver,64,63,63,0,63,0,0,0,0,0,63,0
message,receiver,128,127,127,0,127,0,0,0,0,0,127,0
message,receiver,256,255,255,0,255,0,0,0,0,0,255,0
message,receiver,512,511,511,0,511,0,0,0,0,0,511,0
message,sender,8,1,1,1,0,0,0,0,0,1,0,0
message,sender,16,1,1,1,0,0,0,0,0,1,0,0
message,sender,32,1,1,1,0,0,0,0,0,1,0,0
message,sender,64,1,1,1,0,0,0,0,0,1,0,0
message,sender,128,1,1,1,0,0,0,0,0,1,0,0
message,sender,256,1,1,1,0,0,0,0,0,1,0,0
message,sender,512,1,1,1,0,0,0,0,0,1,0,0
message,system,8,1,8,1,7,0,0,0,0,1,7,0
message,system,16,1,16,1,15,0,0,0,0,1,15,0
message,system,32,1,32,1,31,0,0,0,0,1,31,0
message,system,64,1,64,1,63,0,0,0,0,1,63,0
message,system,128,1,128,1,127,0,0,0,0,1,127,0
message,system,256,1,256,1,255,0,0,0,0,1,255,0
message,system,512,1,512,1,511,0,0,0,0,1,511,0
remove,receiver,8,13,24,0,0,0,0,0,6,6,7,42
remove,receiver,16,29,56,0,0,0,0,0,14,14,15,210
remove,receiver,32,61,120,0,0,0,0,0,30,30,31,930
remove,receiver,64,125,248,0,0,0,0,0,62,62,63,3906
remove,receiver,128,253,504,0,0,0,0,0,126,126,127,16002
remove,receiver,256,509,1016,0,0,0,0,0,254,254,255,64770
remove,receiver,512,1021,2040,0,0,0,0,0,510,510,511,260610
remove,sender,8,1,2,0,0,13,0,6,0,1,0,7
remove,sender,16,1,2,0,0,29,0,14,0,1,0,15
remove,sender,32,1,2,0,0,61,0,30,0,1,0,31
remove,sender,64,1,2,0,0,125,0,62,0,1,0,63
remove,sender,128,1,2,0,0,253,0,126,0,1,0,127
remove,sender,256,1,2,0,0,509,0,254,0,1,0,255
remove,sender,512,1,2,0,0,1021,0,510,0,1,0,511
remove,system,8,1,26,0,0,13,0,6,6,7,7,49
remove,system,16,1,58,0,0,29,0,14,14,15,15,225
remove,system,32,1,122,0,0,61,0,30,30,31,31,961
remove,system,64,1,250,0,0,125,0,62,62,63,63,3969
remove,system,128,1,506,0,0,253,0,126,126,127,127,16129
remove,system,256,1,1018,0,0,509,0,254,254,255,255,65025
remove,system,512,1,2042,0,0,1021,0,510,510,511,511,261121
update,receiver,8,7,28,0,0,0,0,0,7,7,7,56
update,receiver,16,15,60,0,0,0,0,0,15,15,15,240
update,receiver,32,31,124,0,0,0,0,0,31,31,31,992
update,receiver,64,63,252,0,0,0,0,0,63,63,63,4032
update,receiver,128,127,508,0,0,0,0,0,127,127,127,16256
update,receiver,256,255,1020,0,0,0,0,0,255,255,255,65280
update,receiver,512,511,2044,0,0,0,0,0,511,511,511,261632
update,sender,8,1,2,0,0,15,0,7,0,1,0,8
update,sender,16,1,2,0,0,31,0,15,0,1,0,16
update,sender,32,1,2,0,0,63,0,31,0,1,0,32
update,sender,64,1,2,0,0,127,0,63,0,1,0,64
update,sender,128,1,2,0,0,255,0,127,0,1,0,128
update,sender,256,1,2,0,0,511,0,255,0,1,0,256
update,sender,512,1,2,0,0,1023,0,511,0,1,0,512
update,system,8,1,30,0,0,15,0,7,7,8,7,64
update,system,16,1,62,0,0,31,0,15,15,16,15,256
update,system,32,1,126,0,0,63,0,31,31,32,31,1024
update,system,64,1,254,0,0,127,0,63,63,64,63,4096
update,system,128,1,510,0,0,255,0,127,127,128,127,16384
update,system,256,1,1022,0,0,511,0,255,255,256,255,65536
update,system,512,1,2046,0,0,1023,0,511,511,512,511,262144
